venue,n_race,date
HV,14,1979/09/22
HV,14,1979/10/03
HV,14,1980/02/02
ST,14,1979/11/04
ST,14,1980/03/01
HV,14,1979/09/29
HV,14,1979/10/06
HV,14,1979/10/10
HV,14,1979/10/13
HV,14,1979/10/20
HV,14,1979/10/24
HV,14,1979/10/27
HV,14,1979/10/31
HV,14,1980/02/06
HV,14,1980/02/09
HV,14,1980/02/19
ST,14,1980/02/23
ST,14,1980/02/27
ST,14,1979/11/10
HV,14,1979/11/14
ST,14,1979/11/17
HV,14,1979/11/21
ST,14,1979/11/24
ST,14,1980/03/05
ST,14,1980/03/08
ST,14,1980/03/09
ST,14,1980/03/15
ST,14,1980/03/19
ST,14,1980/03/22
ST,14,1980/03/26
HV,14,1981/03/04
ST,14,1979/12/01
HV,14,1981/12/02
ST,14,1980/09/21
ST,14,1980/04/09
ST,14,1981/05/02
ST,14,1980/10/01
HV,14,1981/09/19
HV,14,1981/01/01
HV,14,1981/10/03
ST,14,1981/11/04
HV,14,1981/02/07
ST,14,1980/11/01
ST,14,1980/12/03
HV,14,1980/01/01
ST,14,1980/05/03
ST,14,1981/03/07
ST,14,1981/03/14
ST,14,1981/03/18
ST,14,1981/03/21
ST,14,1981/03/25
ST,14,1981/03/28
HV,14,1979/12/05
ST,14,1979/12/09
HV,14,1979/12/12
HV,14,1979/12/15
HV,14,1979/12/22
HV,14,1979/12/29
ST,14,1981/12/05
HV,14,1981/12/09
HV,14,1981/12/12
HV,14,1981/12/19
HV,14,1981/12/23
ST,14,1980/09/27
ST,14,1980/04/12
ST,14,1980/04/16
ST,14,1980/04/19
ST,14,1980/04/21
ST,14,1980/04/27
ST,14,1980/04/30
ST,14,1981/05/10
HV,14,1981/05/13
HV,14,1981/05/16
HV,14,1981/05/20
HV,14,1981/05/23
HV,14,1981/05/30
ST,14,1980/10/04
ST,14,1980/10/11
ST,14,1980/10/15
ST,14,1980/10/22
ST,14,1980/10/25
ST,14,1980/10/29
HV,14,1981/09/26
HV,14,1981/09/30
ST,14,1981/01/03
HV,14,1981/01/07
ST,14,1981/01/10
HV,14,1981/01/14
ST,14,1981/01/17
HV,14,1981/01/21
ST,14,1981/01/24
ST,14,1981/01/25
HV,14,1981/01/28
HV,14,1981/10/07
HV,14,1981/10/10
HV,14,1981/10/17
HV,14,1981/10/21
ST,14,1981/10/24
ST,14,1981/10/28
ST,14,1981/10/31
ST,14,1981/11/07
ST,14,1981/11/15
ST,14,1981/11/18
ST,14,1981/11/21
ST,14,1981/11/25
ST,14,1981/11/28
HV,14,1981/02/11
HV,14,1981/02/14
HV,14,1981/02/18
HV,14,1981/02/21
HV,14,1981/02/25
HV,14,1981/02/28
ST,14,1980/11/08
ST,14,1980/11/12
ST,14,1980/11/16
ST,14,1980/11/19
ST,14,1980/11/22
ST,14,1980/11/26
ST,14,1980/11/29
ST,14,1980/12/06
HV,14,1980/12/13
ST,14,1980/12/17
HV,14,1980/12/20
HV,14,1980/12/23
ST,14,1980/12/28
ST,14,1980/01/05
HV,14,1980/01/09
ST,14,1980/01/12
HV,14,1980/01/16
ST,14,1980/01/19
ST,14,1980/01/20
HV,14,1980/01/26
HV,14,1980/01/30
ST,14,1980/05/07
ST,14,1980/05/10
ST,14,1980/05/18
ST,14,1980/05/21
ST,14,1980/05/24
ST,14,1980/05/28
ST,14,1980/05/31
HV,14,1981/04/04
HV,14,1982/02/06
HV,14,1982/01/01
HV,14,1981/04/08
HV,14,1981/04/11
HV,14,1981/04/15
HV,14,1981/04/18
HV,14,1981/04/20
ST,14,1981/04/25
HV,14,1981/04/29
ST,14,1982/03/06
HV,14,1982/02/10
HV,14,1982/02/13
HV,14,1982/02/17
ST,14,1982/02/20
HV,14,1982/02/24
ST,14,1982/02/27
ST,14,1982/02/28
ST,14,1982/01/03
ST,14,1982/01/06
ST,14,1982/01/09
ST,14,1982/01/13
ST,14,1982/01/16
HV,14,1982/01/27
HV,14,1982/01/30
HV,14,1982/04/03
HV,14,1982/03/10
ST,14,1982/03/13
HV,14,1982/03/17
ST,14,1982/03/20
ST,14,1982/03/27
HV,14,1982/03/31
HV,14,1982/04/07
HV,14,1982/04/10
HV,14,1982/04/12
ST,14,1982/04/17
ST,14,1982/04/21
ST,14,1982/04/24
ST,14,1982/04/28
ST,14,1982/05/01
ST,14,1982/05/09
HV,14,1982/05/12
ST,14,1982/05/15
HV,14,1982/05/19
HV,14,1982/05/22
HV,14,1982/05/29
ST,14,1982/09/18
HV,14,1982/09/22
ST,14,1982/09/25
HV,14,1982/09/29
HV,14,1982/10/02
HV,14,1982/11/03
ST,14,1982/10/09
HV,14,1982/10/13
ST,14,1982/10/16
HV,14,1982/10/20
HV,14,1982/10/23
HV,14,1982/10/27
HV,14,1982/10/30
ST,14,1982/11/06
ST,14,1982/11/13
ST,14,1982/11/17
ST,14,1982/11/21
ST,14,1982/11/24
ST,14,1982/11/27
ST,14,1982/12/04
HV,14,1983/01/01
HV,14,1982/12/08
ST,14,1982/12/11
HV,14,1982/12/15
ST,14,1982/12/18
HV,14,1982/12/29
HV,14,1983/01/05
ST,14,1983/01/08
ST,14,1983/01/15
ST,14,1983/01/19
ST,14,1983/01/23
ST,14,1983/01/26
ST,14,1983/01/29
ST,14,1983/02/02
HV,14,1983/03/02
ST,14,1983/02/05
HV,14,1983/02/15
HV,14,1983/02/19
HV,14,1983/02/23
ST,14,1983/02/26
ST,14,1983/03/05
ST,14,1983/03/06
HV,14,1983/03/09
ST,14,1983/03/12
ST,14,1983/03/19
ST,14,1983/03/23
HV,14,1983/03/26
HV,14,1983/03/30
HV,14,1983/04/02
HV,14,1983/05/04
HV,14,1983/04/04
HV,14,1983/04/09
HV,14,1983/04/13
ST,14,1983/04/16
ST,14,1983/04/20
ST,14,1983/04/23
ST,14,1983/04/24
ST,14,1983/04/30
ST,14,1983/05/07
HV,14,1983/05/11
ST,14,1983/05/14
HV,14,1983/05/21
HV,14,1983/05/25
HV,14,1983/05/28
HV,14,1983/09/17
HV,14,1983/10/01
HV,14,1983/09/20
HV,14,1983/09/24
HV,14,1983/09/28
HV,14,1983/10/05
HV,14,1983/10/08
HV,14,1983/10/15
HV,14,1983/10/19
HV,14,1983/10/22
HV,14,1983/10/26
HV,14,1983/10/29
HV,14,1983/11/02
ST,14,1983/12/03
ST,14,1983/11/05
ST,14,1983/11/06
ST,14,1983/11/12
HV,14,1983/11/16
ST,14,1983/11/20
HV,14,1983/11/23
ST,14,1983/11/26
ST,14,1983/11/30
ST,14,1983/12/04
ST,14,1983/12/10
HV,14,1983/12/14
ST,14,1983/12/17
HV,14,1983/12/21
HV,14,1983/12/28
ST,14,1983/12/31
HV,14,1984/01/02
HV,14,1984/02/04
HV,14,1984/01/04
ST,14,1984/01/07
ST,14,1984/01/14
ST,14,1984/01/18
ST,14,1984/01/22
ST,14,1984/01/25
HV,14,1984/02/08
HV,14,1984/02/11
HV,14,1984/02/15
ST,14,1984/02/18
HV,14,1984/02/22
ST,14,1984/02/25
ST,14,1984/03/03
HV,14,1984/04/07
ST,14,1984/03/04
ST,14,1984/03/10
ST,14,1984/03/14
ST,14,1984/03/17
ST,14,1984/03/21
ST,14,1984/03/24
HV,14,1984/03/28
HV,14,1984/03/31
HV,14,1984/04/11
HV,14,1984/04/14
HV,14,1984/04/18
HV,14,1984/04/21
HV,14,1984/04/23
ST,14,1984/04/28
HV,14,1984/05/02
ST,14,1984/05/05
HV,14,1984/05/09
ST,14,1984/05/13
ST,14,1984/05/19
HV,14,1984/05/23
HV,14,1984/05/26
HV,14,1984/09/15
HV,14,1984/09/19
HV,14,1984/09/22
HV,14,1984/09/26
HV,14,1984/09/29
HV,14,1984/10/06
ST,14,1984/11/03
HV,14,1984/10/10
HV,14,1984/10/13
HV,14,1984/10/17
HV,14,1984/10/20
HV,14,1984/10/27
HV,14,1984/10/31
HV,14,1984/11/07
ST,14,1984/11/11
ST,14,1984/11/17
HV,14,1984/11/21
ST,14,1984/11/24
ST,14,1984/12/01
HV,14,1985/01/01
HV,14,1984/12/05
ST,14,1984/12/08
HV,14,1984/12/12
ST,14,1984/12/16
HV,14,1984/12/19
ST,14,1984/12/22
HV,14,1984/12/29
ST,14,1985/01/05
ST,14,1985/01/09
ST,14,1985/01/13
ST,14,1985/01/16
ST,14,1985/01/19
HV,14,1985/01/23
ST,14,1985/01/26
HV,14,1985/01/30
ST,14,1985/02/02
ST,14,1985/03/02
HV,14,1985/02/06
ST,14,1985/02/10
ST,14,1985/02/13
HV,14,1985/02/22
HV,14,1985/02/27
HV,14,1985/03/06
ST,14,1985/03/09
ST,14,1985/03/10
ST,14,1985/03/16
HV,14,1985/03/20
ST,14,1985/03/23
HV,14,1985/03/27
HV,14,1985/03/30
HV,14,1985/04/03
HV,14,1985/05/01
HV,14,1985/04/06
HV,14,1985/04/08
HV,14,1985/04/13
HV,14,1985/04/17
ST,14,1985/04/21
HV,14,1985/04/24
ST,14,1985/04/27
ST,14,1985/05/04
HV,14,1985/05/08
ST,14,1985/05/11
HV,14,1985/05/15
ST,14,1985/05/18
HV,14,1985/05/25
HV,14,1985/06/01
HV,14,1985/09/21
HV,14,1985/10/02
HV,14,1985/09/25
HV,14,1985/09/28
HV,14,1985/10/05
HV,14,1985/10/09
HV,14,1985/10/12
HV,14,1985/10/16
HV,14,1985/10/19
HV,14,1985/10/23
HV,14,1985/10/26
HV,14,1985/11/02
HV,14,1985/12/04
HV,14,1985/11/06
ST,14,1985/11/09
HV,14,1985/11/13
ST,14,1985/11/16
HV,14,1985/11/20
ST,14,1985/11/23
ST,14,1985/11/27
ST,14,1985/11/30
ST,14,1985/12/07
HV,14,1985/12/11
ST,14,1985/12/15
HV,14,1985/12/18
ST,14,1985/12/21
HV,14,1985/12/28
HV,14,1986/01/01
HV,14,1986/02/01
HV,14,1986/01/04
HV,14,1986/01/08
ST,14,1986/01/11
HV,14,1986/01/15
ST,14,1986/01/19
HV,14,1986/01/22
ST,14,1986/01/25
HV,14,1986/01/29
HV,14,1986/02/11
HV,14,1986/02/15
HV,14,1986/02/19
ST,14,1986/02/23
HV,14,1986/02/26
ST,14,1986/03/01
HV,14,1986/04/09
HV,14,1986/03/05
ST,14,1986/03/08
ST,14,1986/03/15
ST,14,1986/03/16
ST,14,1986/03/19
HV,14,1986/03/22
HV,14,1986/03/29
HV,14,1986/03/31
HV,14,1986/04/12
HV,14,1986/04/16
ST,14,1986/04/19
HV,14,1986/04/23
ST,14,1986/04/26
HV,14,1986/04/30
ST,14,1986/05/04
HV,14,1986/05/07
ST,14,1986/05/10
ST,14,1986/05/18
HV,14,1986/05/21
ST,14,1986/05/24
HV,14,1986/05/28
HV,14,1986/05/31
ST,14,1986/09/20
HV,14,1986/09/24
ST,14,1986/09/27
HV,14,1986/10/01
ST,14,1986/11/01
ST,14,1986/10/04
HV,14,1986/10/08
HV,14,1986/10/11
HV,14,1986/10/18
ST,14,1986/10/22
ST,14,1986/10/26
HV,14,1986/10/29
HV,14,1986/11/05
ST,14,1986/11/09
HV,14,1986/11/15
HV,14,1986/11/19
HV,14,1986/11/22
HV,14,1986/11/26
HV,14,1986/11/29
HV,14,1986/12/03
HV,14,1987/01/01
ST,14,1986/12/07
HV,14,1986/12/10
ST,14,1986/12/13
ST,14,1986/12/14
HV,14,1986/12/17
ST,14,1986/12/20
HV,14,1986/12/27
ST,14,1987/01/03
HV,14,1987/01/07
ST,14,1987/01/10
HV,14,1987/01/14
ST,14,1987/01/18
HV,14,1987/01/21
HV,14,1987/01/31
HV,14,1987/02/04
ST,14,1987/03/01
HV,14,1987/02/07
HV,14,1987/02/11
ST,14,1987/02/15
HV,14,1987/02/18
ST,14,1987/02/21
HV,14,1987/02/25
HV,14,1987/03/04
ST,14,1987/03/07
HV,14,1987/03/11
ST,14,1987/03/14
HV,14,1987/03/18
ST,14,1987/03/21
HV,14,1987/03/25
ST,14,1987/03/28
HV,14,1987/04/01
ST,14,1987/05/02
HV,14,1987/04/08
HV,14,1987/04/11
HV,14,1987/04/15
HV,14,1987/04/18
HV,14,1987/04/20
ST,14,1987/04/26
HV,14,1987/04/29
HV,14,1987/05/06
ST,14,1987/05/10
HV,14,1987/05/13
ST,14,1987/05/16
HV,14,1987/05/20
ST,14,1987/05/24
ST,14,1987/05/30
ST,14,1987/09/19
ST,14,1987/10/04
HV,14,1987/09/23
ST,14,1987/09/26
HV,14,1987/09/30
HV,14,1987/10/10
HV,14,1987/10/14
HV,14,1987/10/17
HV,14,1987/10/21
ST,14,1987/10/24
HV,14,1987/10/28
HV,14,1987/11/04
HV,14,1987/12/02
ST,14,1987/11/07
HV,14,1987/11/11
ST,14,1987/11/14
ST,14,1987/11/22
HV,14,1987/11/25
ST,14,1987/11/28
ST,14,1987/12/05
HV,14,1987/12/09
ST,14,1987/12/13
HV,14,1987/12/16
ST,14,1987/12/19
HV,14,1987/12/23
HV,14,1987/12/30
HV,14,1988/01/01
HV,14,1988/02/03
ST,14,1988/01/10
HV,14,1988/01/13
ST,14,1988/01/16
HV,14,1988/01/20
ST,14,1988/01/24
HV,14,1988/01/27
ST,14,1988/01/30
ST,14,1988/02/06
HV,14,1988/02/10
HV,14,1988/02/19
HV,14,1988/02/24
ST,14,1988/02/27
HV,14,1988/03/02
HV,14,1988/04/02
ST,14,1988/03/06
HV,14,1988/03/09
ST,14,1988/03/12
ST,14,1988/03/19
HV,14,1988/03/23
HV,14,1988/03/26
HV,14,1988/03/30
HV,14,1988/04/06
HV,14,1988/04/09
HV,14,1988/04/13
ST,14,1988/04/16
HV,14,1988/04/20
ST,14,1988/04/24
ST,14,1988/04/30
HV,14,1988/05/04
ST,14,1988/05/07
HV,14,1988/05/11
ST,14,1988/05/15
HV,14,1988/05/18
ST,14,1988/05/21
HV,14,1988/05/25
ST,14,1988/05/28
ST,14,1988/09/17
ST,14,1988/09/25
ST,14,1988/10/01
HV,14,1988/11/02
HV,14,1988/10/05
ST,14,1988/10/09
HV,14,1988/10/12
ST,14,1988/10/15
ST,14,1988/10/22
HV,14,1988/10/26
ST,14,1988/10/30
HV,14,1988/11/05
HV,14,1988/11/09
HV,14,1988/11/12
HV,14,1988/11/16
HV,14,1988/11/19
ST,14,1988/11/26
HV,14,1988/11/30
HV,14,1989/01/02
ST,14,1988/12/03
ST,14,1989/01/07
HV,14,1989/01/11
ST,14,1989/01/15
HV,14,1989/01/18
ST,14,1989/01/21
HV,14,1989/01/25
ST,14,1989/01/29
HV,14,1988/12/07
ST,14,1988/12/11
HV,14,1988/12/14
ST,14,1988/12/17
HV,14,1988/12/21
HV,14,1988/12/28
HV,14,1989/02/01
HV,14,1989/02/08
HV,14,1989/02/11
HV,14,1989/02/15
HV,14,1989/02/18
HV,14,1989/02/22
ST,14,1989/02/26
ST,14,1989/04/01
HV,14,1989/03/01
ST,14,1989/04/08
HV,14,1989/04/12
ST,14,1989/04/15
HV,14,1989/04/19
ST,14,1989/04/22
HV,14,1989/04/26
ST,14,1989/04/30
ST,14,1989/03/04
HV,14,1989/03/08
ST,14,1989/03/11
HV,14,1989/03/15
ST,14,1989/03/19
HV,14,1989/03/22
ST,14,1989/03/25
ST,14,1989/03/27
HV,14,1989/05/03
ST,14,1989/05/06
ST,14,1989/05/14
HV,14,1989/05/17
ST,14,1989/05/20
HV,14,1989/05/24
ST,14,1989/05/28
ST,14,1989/09/16
HV,14,1989/09/20
ST,14,1989/09/23
HV,14,1989/09/27
HV,14,1989/11/01
ST,14,1989/10/01
ST,14,1989/11/04
HV,14,1989/11/08
ST,14,1989/11/11
HV,14,1989/11/18
HV,14,1989/11/22
HV,14,1989/11/25
HV,14,1989/11/29
HV,14,1989/10/04
HV,14,1989/10/07
HV,14,1989/10/14
HV,14,1989/10/18
ST,14,1989/10/21
HV,14,1989/10/25
ST,14,1989/10/29
HV,14,1990/01/01
ST,14,1989/12/02
ST,14,1990/01/07
HV,14,1990/01/10
ST,14,1990/01/13
HV,14,1990/01/17
ST,14,1990/01/20
HV,14,1990/01/29
ST,14,1989/12/10
HV,14,1989/12/13
ST,14,1989/12/17
HV,14,1989/12/20
ST,14,1989/12/23
ST,14,1990/03/03
HV,14,1990/02/03
HV,14,1990/03/07
ST,14,1990/03/11
HV,14,1990/03/14
ST,14,1990/03/17
HV,14,1990/03/21
ST,14,1990/03/25
HV,14,1990/03/28
HV,14,1990/03/31
HV,14,1990/02/07
ST,14,1990/02/10
HV,14,1990/02/14
ST,14,1990/02/17
HV,14,1990/02/21
ST,14,1990/02/25
HV,14,1990/02/28
ST,14,1990/05/05
HV,14,1990/04/07
HV,14,1990/05/09
ST,14,1990/05/13
HV,14,1990/05/16
ST,14,1990/05/19
HV,14,1990/05/23
ST,14,1990/05/27
HV,14,1990/04/11
ST,14,1990/04/14
ST,14,1990/04/16
ST,14,1990/04/21
HV,14,1990/04/25
ST,14,1990/04/29
ST,14,1990/06/02
HV,14,1990/06/06
ST,14,1990/06/10
HV,14,1990/06/16
HV,14,1990/06/23
ST,14,1990/10/07
HV,14,1990/09/15
HV,14,1990/10/10
ST,14,1990/10/13
HV,14,1990/10/17
ST,14,1990/10/20
HV,14,1990/10/24
HV,14,1990/10/27
HV,14,1990/09/19
HV,14,1990/09/22
HV,14,1990/09/26
ST,14,1990/09/29
ST,14,1990/12/01
ST,14,1990/11/03
HV,14,1990/12/05
HV,14,1990/12/08
HV,14,1990/12/12
ST,14,1990/12/16
HV,14,1990/12/19
ST,14,1990/12/29
HV,14,1990/11/07
ST,14,1990/11/10
HV,14,1990/11/17
HV,14,1990/11/21
ST,14,1990/11/25
HV,14,1990/11/28
ST,14,1991/02/02
HV,14,1991/01/01
HV,14,1991/02/06
ST,14,1991/02/09
HV,14,1991/02/17
HV,14,1991/02/20
ST,14,1991/02/24
HV,14,1991/02/27
ST,14,1991/01/05
HV,14,1991/01/09
ST,14,1991/01/13
HV,14,1991/01/16
ST,14,1991/01/19
ST,14,1991/01/27
HV,14,1991/01/30
HV,14,1991/04/03
ST,14,1991/03/02
HV,14,1991/04/06
HV,14,1991/04/10
ST,14,1991/04/13
HV,14,1991/04/17
ST,14,1991/04/21
HV,14,1991/04/24
ST,14,1991/04/27
HV,14,1991/03/06
ST,14,1991/03/10
ST,14,1991/03/16
HV,14,1991/03/20
ST,14,1991/03/23
HV,14,1991/03/27
ST,14,1991/03/30
ST,14,1991/06/01
HV,14,1991/05/04
HV,14,1991/06/05
ST,14,1991/06/09
HV,14,1991/05/08
ST,14,1991/05/12
HV,14,1991/05/15
ST,14,1991/05/18
ST,14,1991/05/26
HV,14,1991/05/29
ST,14,1991/09/14
HV,14,1991/09/18
ST,14,1991/09/21
HV,14,1991/09/25
ST,14,1991/09/28
ST,14,1991/11/02
HV,14,1991/10/02
ST,14,1991/11/10
HV,14,1991/11/13
HV,14,1991/11/16
HV,14,1991/11/20
ST,14,1991/11/24
HV,14,1991/11/27
ST,14,1991/11/30
ST,14,1991/10/06
HV,14,1991/10/09
ST,14,1991/10/12
ST,14,1991/10/19
HV,14,1991/10/23
ST,14,1991/10/26
HV,14,1991/10/30
HV,14,1992/01/01
HV,14,1991/12/07
ST,14,1992/01/04
HV,14,1992/01/08
ST,14,1992/01/12
ST,14,1992/01/18
HV,14,1992/01/22
ST,14,1992/01/25
HV,14,1992/01/29
HV,14,1991/12/11
ST,14,1991/12/15
HV,14,1991/12/18
ST,14,1991/12/21
ST,14,1991/12/29
HV,14,1992/03/04
ST,14,1992/02/06
ST,14,1992/03/07
ST,14,1992/03/15
HV,14,1992/03/18
ST,14,1992/03/21
HV,14,1992/03/25
ST,14,1992/03/28
HV,14,1992/02/09
HV,14,1992/02/12
ST,14,1992/02/15
HV,14,1992/02/19
ST,14,1992/02/22
HV,14,1992/02/26
ST,14,1992/02/29
HV,14,1992/05/02
HV,14,1992/04/01
HV,14,1992/05/06
ST,14,1992/05/09
HV,14,1992/05/13
ST,14,1992/05/17
ST,14,1992/05/23
HV,14,1992/05/27
ST,14,1992/05/31
HV,14,1992/04/08
ST,14,1992/04/12
ST,14,1992/04/18
HV,14,1992/04/22
ST,14,1992/04/25
HV,14,1992/04/29
HV,14,1992/06/03
ST,14,1992/06/07
HV,14,1992/10/03
ST,14,1992/09/13
HV,14,1992/10/07
ST,14,1992/10/11
HV,14,1992/10/14
ST,14,1992/10/17
HV,14,1992/10/21
ST,14,1992/10/24
HV,14,1992/10/28
ST,14,1992/10/31
HV,14,1992/09/16
ST,14,1992/09/19
HV,14,1992/09/23
ST,14,1992/09/27
HV,14,1992/09/30
HV,14,1992/12/23
ST,14,1992/11/08
HV,14,1992/11/11
ST,14,1992/11/14
HV,14,1992/11/18
ST,14,1992/11/21
HV,14,1993/02/03
HV,14,1993/01/01
ST,14,1993/02/07
HV,14,1993/02/10
ST,14,1993/02/13
HV,14,1993/02/17
ST,14,1993/02/20
HV,14,1993/02/24
ST,14,1993/02/27
HV,14,1993/01/06
ST,14,1993/01/10
HV,14,1993/01/13
ST,14,1993/01/16
HV,14,1993/01/20
ST,14,1993/01/25
HV,14,1993/01/27
ST,14,1993/01/30
HV,14,1993/04/03
HV,14,1993/03/03
HV,14,1993/04/07
ST,14,1993/04/10
HV,14,1993/04/12
HV,14,1993/04/14
ST,14,1993/04/18
HV,14,1993/04/21
ST,14,1993/04/24
HV,14,1993/04/28
ST,14,1993/03/07
HV,14,1993/03/10
ST,14,1993/03/13
HV,14,1993/03/17
ST,14,1993/03/21
HV,14,1993/03/24
ST,14,1993/03/27
HV,14,1993/03/31
HV,14,1993/06/02
ST,14,1993/05/01
ST,14,1993/06/05
ST,14,1993/06/09
ST,14,1993/06/13
HV,14,1993/05/05
ST,14,1993/05/08
HV,14,1993/05/12
ST,14,1993/05/16
HV,14,1993/05/19
ST,14,1993/05/22
HV,14,1993/05/26
ST,14,1993/05/29
ST,14,1993/09/12
HV,14,1993/09/15
ST,14,1993/09/18
HV,14,1993/09/22
HV,14,1993/09/29
ST,14,1993/11/06
ST,14,1993/10/03
HV,14,1993/11/10
ST,14,1993/11/13
HV,14,1993/11/17
ST,14,1993/11/20
HV,14,1993/11/24
ST,14,1993/11/28
HV,14,1993/10/06
ST,14,1993/10/09
HV,14,1993/10/13
ST,14,1993/10/16
HV,14,1993/10/20
HV,14,1993/10/27
ST,14,1993/10/31
ST,14,1994/01/01
HV,14,1993/12/01
HV,14,1994/01/05
ST,14,1994/01/08
HV,14,1994/01/12
ST,14,1994/01/16
HV,14,1994/01/19
ST,14,1994/01/22
HV,14,1994/01/26
ST,14,1994/01/29
HV,14,1993/12/04
HV,14,1993/12/08
ST,14,1993/12/12
HV,14,1993/12/15
ST,14,1993/12/18
HV,14,1993/12/21
HV,14,1993/12/29
ST,14,1994/03/05
HV,14,1994/02/02
HV,14,1994/03/09
ST,14,1994/03/13
HV,14,1994/03/16
ST,14,1994/03/20
ST,14,1994/03/23
ST,14,1994/03/26
HV,14,1994/03/30
ST,14,1994/02/05
ST,14,1994/02/12
HV,14,1994/02/16
ST,14,1994/02/19
HV,14,1994/02/23
ST,14,1994/02/27
HV,14,1994/05/04
ST,14,1994/04/02
ST,14,1994/05/07
ST,14,1994/05/15
HV,14,1994/05/18
ST,14,1994/05/21
HV,14,1994/05/25
ST,14,1994/05/28
HV,14,1994/04/09
HV,14,1994/04/13
ST,14,1994/04/16
HV,14,1994/04/20
ST,14,1994/04/23
HV,14,1994/04/27
ST,14,1994/04/30
HV,14,1994/06/01
ST,14,1994/06/05
ST,14,1994/10/02
ST,14,1994/09/11
HV,14,1994/10/05
ST,14,1994/10/08
HV,14,1994/10/12
ST,14,1994/10/15
ST,14,1994/10/19
ST,14,1994/10/22
HV,14,1994/10/26
ST,14,1994/10/30
HV,14,1994/09/14
ST,14,1994/09/17
ST,14,1994/09/24
HV,14,1994/09/28
HV,14,1994/12/03
ST,14,1994/11/05
HV,14,1994/12/07
ST,14,1994/12/11
HV,14,1994/12/14
ST,14,1994/12/17
HV,14,1994/12/21
HV,14,1994/11/09
ST,14,1994/11/12
HV,14,1994/11/16
ST,14,1994/11/19
HV,14,1994/11/23
ST,14,1994/11/27
HV,14,1994/11/30
ST,14,1995/02/02
ST,14,1995/01/01
ST,14,1995/02/05
HV,14,1995/02/08
ST,14,1995/02/11
HV,14,1995/02/15
ST,14,1995/02/18
HV,14,1995/02/22
ST,14,1995/02/26
HV,14,1995/01/04
ST,14,1995/01/07
HV,14,1995/01/11
ST,14,1995/01/15
HV,14,1995/01/18
ST,14,1995/01/21
ST,14,1995/04/01
ST,14,1995/03/04
ST,14,1995/04/08
ST,14,1995/04/12
ST,14,1995/04/15
ST,14,1995/04/19
ST,14,1995/04/22
ST,14,1995/04/26
ST,14,1995/04/29
ST,14,1995/03/11
ST,14,1995/03/15
ST,14,1995/03/19
ST,14,1995/03/22
ST,14,1995/03/25
ST,14,1995/03/29
ST,14,1995/06/03
ST,14,1995/05/03
ST,14,1995/06/07
ST,14,1995/06/11
ST,14,1995/05/07
ST,14,1995/05/13
ST,14,1995/05/17
ST,14,1995/05/20
ST,14,1995/05/24
ST,14,1995/05/27
ST,14,1995/05/31
ST,14,1995/09/10
ST,14,1995/09/13
ST,14,1995/09/16
ST,14,1995/09/20
ST,14,1995/09/23
ST,14,1995/09/27
ST,14,1995/11/05
ST,14,1995/10/01
ST,14,1995/11/11
ST,14,1995/11/15
ST,14,1995/11/18
ST,14,1995/11/22
HV,14,1995/11/25
ST,14,1995/11/29
ST,14,1995/10/04
ST,14,1995/10/07
ST,14,1995/10/11
ST,14,1995/10/14
ST,14,1995/10/18
ST,14,1995/10/21
ST,14,1995/10/25
ST,14,1995/10/28
ST,14,1996/01/01
HV,14,1995/12/02
ST,14,1996/01/06
HV,14,1996/01/10
ST,14,1996/01/14
HV,14,1996/01/17
ST,14,1996/01/20
ST,14,1996/01/24
ST,14,1996/01/27
ST,14,1996/01/31
HV,14,1995/12/06
ST,14,1995/12/10
ST,14,1995/12/13
ST,14,1995/12/16
ST,14,1995/12/20
ST,14,1996/03/02
ST,14,1996/02/03
HV,14,1996/03/06
ST,14,1996/03/10
HV,14,1996/03/13
ST,14,1996/03/16
HV,14,1996/03/20
ST,14,1996/03/23
ST,14,1996/03/30
HV,14,1996/02/07
HV,14,1996/02/10
ST,14,1996/02/11
ST,14,1996/02/21
ST,14,1996/02/25
HV,14,1996/02/28
HV,14,1996/05/01
HV,14,1996/04/03
ST,14,1996/05/04
HV,14,1996/05/08
ST,14,1996/05/11
HV,14,1996/05/15
ST,14,1996/05/19
ST,14,1996/05/25
HV,14,1996/05/29
ST,14,1996/04/06
HV,14,1996/04/10
ST,14,1996/04/14
HV,14,1996/04/17
ST,14,1996/04/20
HV,14,1996/04/24
ST,14,1996/04/28
ST,14,1996/06/01
HV,14,1996/06/05
ST,14,1996/06/09
HV,14,1996/10/02
ST,14,1996/09/08
ST,14,1996/10/06
HV,14,1996/10/09
ST,14,1996/10/12
HV,14,1996/10/16
HV,14,1996/10/19
ST,14,1996/10/23
ST,14,1996/10/27
ST,14,1996/10/30
HV,14,1996/09/11
ST,14,1996/09/14
HV,14,1996/09/18
ST,14,1996/09/21
HV,14,1996/09/25
ST,14,1996/09/28
HV,14,1996/12/04
ST,14,1996/11/02
ST,14,1996/12/08
HV,14,1996/12/11
ST,14,1996/12/14
HV,14,1996/12/18
ST,14,1996/12/29
ST,14,1996/11/09
HV,14,1996/11/13
ST,14,1996/11/16
HV,14,1996/11/20
ST,14,1996/11/24
HV,14,1996/11/27
HV,14,1996/11/30
ST,14,1997/02/09
ST,14,1997/01/01
HV,14,1997/02/12
ST,14,1997/02/15
HV,14,1997/02/19
ST,14,1997/02/23
HV,14,1997/02/26
ST,14,1997/01/04
HV,14,1997/01/08
ST,14,1997/01/12
ST,14,1997/01/15
ST,14,1997/01/18
HV,14,1997/01/22
ST,14,1997/01/25
HV,14,1997/01/29
HV,14,1997/04/05
ST,14,1997/03/01
HV,14,1997/04/09
ST,14,1997/04/13
ST,14,1997/04/16
ST,14,1997/04/19
HV,14,1997/04/23
ST,14,1997/04/27
HV,14,1997/04/30
ST,14,1997/03/05
ST,14,1997/03/08
HV,14,1997/03/12
ST,14,1997/03/16
ST,14,1997/03/22
HV,14,1997/03/26
HV,14,1997/03/29
ST,14,1997/03/31
ST,14,1997/06/04
ST,14,1997/05/03
ST,14,1997/06/07
HV,14,1997/06/11
ST,14,1997/06/15
HV,14,1997/05/07
ST,14,1997/05/10
HV,14,1997/05/14
ST,14,1997/05/18
ST,14,1997/05/21
ST,14,1997/05/24
HV,14,1997/05/28
ST,14,1997/05/31
HV,14,1997/09/06
ST,14,1997/09/13
ST,14,1997/09/17
ST,14,1997/09/20
HV,14,1997/09/24
ST,14,1997/09/27
HV,14,1997/11/01
HV,14,1997/10/02
HV,14,1997/11/04
ST,14,1997/11/08
HV,14,1997/11/12
ST,14,1997/11/15
ST,14,1997/11/19
ST,14,1997/11/23
HV,14,1997/11/26
ST,14,1997/11/30
ST,14,1997/10/05
HV,14,1997/10/08
HV,14,1997/10/11
HV,14,1997/10/15
ST,14,1997/10/18
ST,14,1997/10/22
ST,14,1997/10/26
ST,14,1998/01/01
HV,14,1997/12/03
ST,14,1998/01/04
HV,14,1998/01/07
ST,14,1998/01/10
ST,14,1998/01/14
ST,14,1998/01/18
HV,14,1998/01/21
ST,14,1998/01/30
ST,14,1997/12/06
HV,14,1997/12/10
ST,14,1997/12/14
HV,14,1997/12/17
ST,14,1997/12/20
ST,14,1998/03/01
HV,14,1998/02/01
HV,14,1998/03/04
ST,14,1998/03/07
ST,14,1998/03/11
ST,14,1998/03/15
HV,14,1998/03/18
ST,14,1998/03/21
ST,14,1998/03/28
HV,14,1998/02/04
ST,14,1998/02/07
HV,14,1998/02/11
ST,14,1998/02/14
ST,14,1998/02/18
ST,14,1998/02/21
HV,14,1998/02/25
ST,14,1998/05/03
HV,14,1998/04/01
HV,14,1998/05/06
ST,14,1998/05/09
HV,14,1998/05/13
ST,14,1998/05/16
ST,14,1998/05/20
ST,14,1998/05/23
HV,14,1998/05/27
ST,14,1998/05/30
HV,14,1998/04/04
ST,14,1998/04/08
ST,14,1998/04/11
HV,14,1998/04/15
ST,14,1998/04/19
HV,14,1998/04/22
ST,14,1998/04/25
ST,14,1998/04/29
HV,14,1998/06/03
ST,14,1998/06/06
HV,14,1998/06/10
ST,14,1998/06/14
ST,14,1998/10/01
ST,14,1998/09/06
ST,14,1998/10/04
HV,14,1998/10/07
ST,14,1998/10/10
HV,14,1998/10/14
ST,14,1998/10/17
ST,14,1998/10/21
ST,14,1998/10/24
HV,14,1998/10/31
HV,14,1998/09/09
ST,14,1998/09/12
HV,14,1998/09/16
ST,14,1998/09/19
HV,14,1998/09/23
ST,14,1998/09/26
ST,14,1998/12/02
HV,14,1998/11/03
HV,14,1998/12/05
HV,14,1998/12/09
ST,14,1998/12/13
HV,14,1998/12/16
ST,14,1998/12/19
ST,14,1998/11/08
HV,14,1998/11/11
ST,14,1998/11/14
ST,14,1998/11/18
ST,14,1998/11/21
HV,14,1998/11/25
ST,14,1998/11/29
ST,14,1999/02/03
ST,14,1999/01/01
ST,14,1999/02/06
HV,14,1999/02/10
ST,14,1999/02/18
HV,14,1999/02/21
HV,14,1999/02/24
ST,14,1999/02/27
HV,14,1999/01/06
ST,14,1999/01/09
ST,14,1999/01/13
ST,14,1999/01/17
HV,14,1999/01/20
ST,14,1999/01/23
HV,14,1999/01/27
ST,14,1999/01/30
HV,14,1999/04/03
ST,14,1999/03/03
ST,14,1999/04/07
HV,14,1999/04/10
HV,14,1999/04/14
ST,14,1999/04/18
ST,14,1999/04/21
ST,14,1999/04/24
HV,14,1999/04/28
ST,14,1999/03/07
HV,14,1999/03/10
ST,14,1999/03/13
HV,14,1999/03/17
ST,14,1999/03/21
ST,14,1999/03/24
ST,14,1999/03/27
HV,14,1999/03/31
HV,14,1999/06/02
ST,14,1999/05/02
ST,14,1999/06/05
HV,14,1999/06/09
ST,14,1999/06/13
HV,14,1999/05/05
ST,14,1999/05/08
ST,14,1999/05/12
ST,14,1999/05/15
HV,14,1999/05/19
ST,14,1999/05/23
HV,14,1999/05/26
ST,14,1999/05/29
ST,14,1999/09/05
HV,14,1999/09/08
ST,14,1999/09/11
HV,14,1999/09/15
ST,14,1999/09/18
HV,14,1999/09/22
ST,14,1999/09/26
HV,14,1999/11/02
ST,14,1999/10/01
ST,14,1999/11/06
HV,14,1999/11/10
ST,14,1999/11/13
ST,14,1999/11/17
ST,14,1999/11/21
HV,14,1999/11/24
ST,14,1999/11/27
HV,14,1999/10/03
ST,14,1999/10/06
ST,14,1999/10/09
HV,14,1999/10/13
ST,14,1999/10/16
ST,14,1999/10/20
ST,14,1999/10/23
HV,14,1999/10/30
ST,14,2000/01/02
ST,14,1999/12/01
HV,14,2000/01/05
ST,14,2000/01/08
HV,14,2000/01/12
ST,14,2000/01/15
ST,14,2000/01/19
ST,14,2000/01/23
HV,14,2000/01/26
ST,14,2000/01/29
HV,14,1999/12/04
HV,14,1999/12/08
ST,14,1999/12/12
ST,14,1999/12/18
ST,14,1999/12/26
HV,14,1999/12/31
HV,14,2000/03/01
HV,14,2000/02/02
ST,14,2000/03/05
ST,14,2000/03/08
ST,14,2000/03/11
HV,14,2000/03/15
ST,14,2000/03/18
ST,14,2000/03/22
ST,14,2000/03/26
HV,14,2000/03/29
ST,14,2000/02/07
ST,14,2000/02/12
HV,14,2000/02/16
ST,14,2000/02/20
HV,14,2000/02/23
ST,14,2000/02/26
HV,14,2000/05/03
ST,14,2000/04/01
ST,14,2000/05/07
HV,14,2000/05/10
ST,14,2000/05/13
ST,14,2000/05/17
ST,14,2000/05/21
ST,14,2000/05/27
HV,14,2000/05/31
ST,14,2000/04/05
HV,14,2000/04/08
HV,14,2000/04/12
ST,14,2000/04/16
ST,14,2000/04/22
HV,14,2000/04/26
ST,14,2000/04/29
ST,14,2000/06/04
HV,14,2000/06/07
ST,14,2000/06/10
HV,14,2000/06/14
ST,14,2000/06/17
HV,14,2000/06/21
ST,14,2000/06/25
ST,14,2000/10/01
ST,14,2000/09/03
ST,14,2000/10/04
ST,14,2000/10/07
HV,14,2000/10/11
ST,14,2000/10/14
HV,14,2000/10/18
ST,14,2000/10/22
HV,14,2000/10/28
HV,14,2000/09/06
ST,14,2000/09/09
ST,14,2000/09/13
ST,14,2000/09/17
HV,14,2000/09/20
ST,14,2000/09/23
HV,14,2000/09/27
ST,14,2000/12/02
HV,14,2000/11/01
ST,14,2000/12/06
HV,14,2000/12/09
HV,14,2000/12/13
ST,14,2000/12/17
HV,14,2000/12/23
ST,14,2000/12/26
ST,14,2000/11/04
HV,14,2000/11/07
ST,14,2000/11/12
HV,14,2000/11/15
ST,14,2000/11/18
ST,14,2000/11/22
ST,14,2000/11/26
HV,14,2000/11/29
ST,14,2001/02/04
ST,14,2001/01/01
ST,14,2001/02/07
ST,14,2001/02/10
HV,14,2001/02/14
ST,14,2001/02/18
HV,14,2001/02/21
ST,14,2001/02/24
HV,14,2001/02/28
HV,14,2001/01/03
ST,14,2001/01/06
HV,14,2001/01/10
ST,14,2001/01/14
HV,14,2001/01/17
ST,14,2001/01/20
ST,14,2001/01/26
HV,14,2001/01/31
ST,14,2001/04/04
ST,14,2001/03/03
HV,14,2001/04/07
HV,14,2001/04/11
ST,14,2001/04/14
HV,14,2001/04/18
ST,14,2001/04/22
ST,14,2001/04/25
ST,14,2001/04/28
HV,14,2001/03/07
ST,14,2001/03/10
ST,14,2001/03/17
HV,14,2001/03/21
ST,14,2001/03/25
ST,14,2001/03/28
ST,14,2001/03/31
ST,14,2001/06/03
HV,14,2001/05/02
HV,14,2001/06/06
ST,14,2001/06/09
HV,14,2001/06/13
ST,14,2001/06/17
ST,14,2001/05/06
HV,14,2001/05/09
ST,14,2001/05/12
ST,14,2001/05/20
HV,14,2001/05/23
ST,14,2001/05/26
ST,14,2001/05/30
ST,14,2001/09/02
HV,14,2001/09/05
ST,14,2001/09/08
HV,14,2001/09/12
ST,14,2001/09/15
HV,14,2001/09/19
ST,14,2001/09/22
HV,14,2001/09/26
ST,14,2001/11/03
ST,14,2001/10/01
HV,14,2001/11/06
ST,14,2001/11/10
ST,14,2001/11/14
ST,14,2001/11/18
HV,14,2001/11/21
ST,14,2001/11/25
HV,14,2001/11/28
ST,14,2001/10/07
HV,14,2001/10/10
ST,14,2001/10/13
ST,14,2001/10/17
ST,14,2001/10/21
HV,14,2001/10/27
HV,14,2001/10/31
ST,14,2002/01/01
ST,14,2001/12/01
ST,14,2002/01/05
HV,14,2002/01/09
ST,14,2002/01/12
HV,14,2002/01/16
ST,14,2002/01/20
HV,14,2002/01/23
ST,14,2002/01/26
HV,14,2002/01/30
ST,14,2001/12/05
HV,14,2001/12/08
HV,14,2001/12/12
ST,14,2001/12/16
HV,14,2001/12/23
ST,14,2001/12/26
ST,14,2002/03/02
ST,14,2002/02/02
HV,14,2002/03/06
ST,14,2002/03/09
HV,14,2002/03/13
ST,14,2002/03/17
ST,14,2002/03/20
ST,14,2002/03/24
HV,14,2002/03/27
ST,14,2002/03/30
HV,14,2002/02/06
ST,14,2002/02/14
ST,14,2002/02/17
HV,14,2002/02/20
ST,14,2002/02/24
HV,14,2002/02/27
ST,14,2002/05/01
ST,14,2002/04/03
ST,14,2002/05/05
HV,14,2002/05/08
ST,14,2002/05/11
HV,14,2002/05/15
ST,14,2002/05/19
HV,14,2002/05/22
ST,14,2002/05/25
ST,14,2002/05/29
HV,14,2002/04/06
HV,14,2002/04/10
ST,14,2002/04/13
HV,14,2002/04/17
ST,14,2002/04/21
HV,14,2002/04/24
ST,14,2002/04/27
ST,14,2002/06/01
ST,14,2002/06/05
ST,14,2002/06/09
HV,14,2002/06/12
ST,14,2002/06/16
ST,14,2002/10/01
ST,14,2002/09/01
ST,14,2002/10/06
HV,14,2002/10/09
ST,14,2002/10/12
ST,14,2002/10/16
ST,14,2002/10/20
HV,14,2002/10/23
HV,14,2002/10/26
HV,14,2002/10/30
HV,14,2002/09/04
ST,14,2002/09/07
HV,14,2002/09/11
ST,14,2002/09/14
HV,14,2002/09/18
ST,14,2002/09/22
HV,14,2002/09/25
ST,14,2002/12/04
ST,14,2002/11/02
HV,14,2002/12/07
HV,14,2002/12/11
ST,14,2002/12/15
HV,14,2002/12/18
ST,14,2002/12/21
ST,14,2002/12/26
HV,14,2002/11/05
ST,14,2002/11/10
ST,14,2002/11/13
ST,14,2002/11/16
HV,14,2002/11/20
ST,14,2002/11/24
HV,14,2002/11/27
ST,14,2002/11/30
ST,14,2003/02/03
ST,14,2003/01/01
ST,14,2003/02/08
HV,14,2003/02/12
ST,14,2003/02/16
HV,14,2003/02/19
ST,14,2003/02/23
HV,14,2003/02/26
ST,14,2003/01/04
HV,14,2003/01/08
ST,14,2003/01/11
HV,14,2003/01/15
ST,14,2003/01/19
HV,14,2003/01/22
ST,14,2003/01/25
HV,14,2003/04/02
ST,14,2003/03/01
ST,14,2003/04/06
HV,14,2003/04/09
ST,14,2003/04/13
ST,14,2003/04/16
HV,14,2003/04/19
ST,14,2003/04/27
ST,14,2003/03/09
HV,14,2003/03/12
ST,14,2003/03/15
HV,14,2003/03/19
ST,14,2003/03/23
ST,14,2003/03/26
ST,14,2003/03/29
ST,14,2003/06/01
ST,14,2003/05/01
ST,14,2003/06/04
ST,14,2003/06/07
HV,14,2003/06/11
ST,14,2003/06/14
HV,14,2003/06/18
ST,14,2003/06/22
ST,14,2003/05/04
HV,14,2003/05/07
ST,14,2003/05/10
HV,14,2003/05/14
ST,14,2003/05/18
ST,14,2003/05/21
ST,14,2003/05/24
HV,14,2003/05/28
HV,14,2003/09/03
ST,14,2003/09/06
HV,14,2003/09/10
ST,14,2003/09/13
HV,14,2003/09/17
ST,14,2003/09/21
HV,14,2003/09/24
ST,14,2003/09/27
ST,14,2003/11/02
ST,14,2003/10/01
HV,14,2003/11/04
ST,14,2003/11/08
ST,14,2003/11/12
ST,14,2003/11/15
HV,14,2003/11/19
ST,14,2003/11/22
HV,14,2003/11/26
ST,14,2003/11/30
ST,14,2003/10/05
HV,14,2003/10/08
ST,14,2003/10/11
ST,14,2003/10/19
HV,14,2003/10/22
HV,14,2003/10/25
HV,14,2003/10/29
ST,14,2004/01/01
ST,14,2003/12/03
ST,14,2004/01/04
HV,14,2004/01/07
ST,14,2004/01/10
HV,14,2004/01/14
ST,14,2004/01/18
ST,14,2004/01/24
HV,14,2004/01/28
HV,14,2003/12/06
HV,14,2003/12/10
ST,14,2003/12/14
HV,14,2003/12/17
ST,14,2003/12/20
ST,14,2003/12/26
HV,14,2004/03/03
ST,14,2004/02/01
ST,14,2004/03/07
HV,14,2004/03/10
ST,14,2004/03/13
HV,14,2004/03/17
ST,14,2004/03/21
ST,14,2004/03/24
ST,14,2004/03/27
HV,14,2004/02/04
ST,14,2004/02/07
HV,14,2004/02/11
ST,14,2004/02/15
HV,14,2004/02/18
ST,14,2004/02/22
ST,14,2004/02/28
ST,14,2004/05/01
ST,14,2004/04/03
HV,14,2004/05/05
ST,14,2004/05/08
HV,14,2004/05/12
ST,14,2004/05/16
HV,14,2004/05/19
ST,14,2004/05/22
ST,14,2004/05/26
ST,14,2004/05/30
ST,14,2004/04/11
ST,14,2004/04/14
HV,14,2004/04/17
HV,14,2004/04/21
ST,14,2004/04/25
ST,14,2004/04/28
HV,14,2004/06/02
ST,14,2004/06/06
HV,14,2004/06/09
ST,14,2004/06/12
HV,14,2004/06/16
ST,14,2004/06/20
ST,14,2004/10/03
ST,14,2004/09/05
HV,14,2004/10/06
ST,14,2004/10/09
ST,14,2004/10/17
HV,14,2004/10/20
HV,14,2004/10/23
HV,14,2004/10/27
ST,14,2004/10/30
HV,14,2004/09/08
ST,14,2004/09/11
HV,14,2004/09/15
ST,14,2004/09/19
ST,14,2004/09/25
ST,14,2004/09/29
ST,14,2004/12/01
HV,14,2004/11/02
HV,14,2004/12/04
HV,14,2004/12/08
ST,14,2004/12/12
HV,14,2004/12/15
ST,14,2004/12/18
HV,14,2004/12/22
ST,14,2004/12/26
ST,14,2004/11/06
ST,14,2004/11/10
ST,14,2004/11/14
HV,14,2004/11/17
ST,14,2004/11/21
HV,14,2004/11/24
ST,14,2004/11/28
HV,14,2005/02/02
ST,14,2005/01/01
ST,14,2005/02/05
ST,14,2005/02/11
HV,14,2005/02/16
ST,14,2005/02/20
HV,14,2005/02/23
ST,14,2005/02/27
HV,14,2005/01/05
ST,14,2005/01/08
HV,14,2005/01/12
ST,14,2005/01/16
HV,14,2005/01/19
ST,14,2005/01/23
ST,14,2005/01/26
ST,14,2005/01/30
ST,14,2005/04/03
HV,14,2005/03/02
HV,14,2005/04/06
ST,14,2005/04/09
HV,14,2005/04/13
ST,14,2005/04/16
HV,14,2005/04/20
ST,14,2005/04/24
ST,14,2005/03/05
HV,14,2005/03/09
ST,14,2005/03/13
ST,14,2005/03/16
ST,14,2005/03/19
HV,14,2005/03/23
ST,14,2005/03/26
ST,14,2005/06/01
ST,14,2005/05/01
ST,14,2005/06/05
HV,14,2005/06/08
ST,14,2005/06/12
HV,14,2005/06/15
ST,14,2005/06/18
HV,14,2005/06/22
ST,14,2005/06/26
HV,14,2005/06/29
ST,14,2005/05/04
ST,14,2005/05/07
HV,14,2005/05/11
ST,14,2005/05/14
HV,14,2005/05/18
ST,14,2005/05/21
ST,14,2005/05/29
ST,14,2005/09/04
HV,14,2005/09/07
ST,14,2005/09/11
HV,14,2005/09/14
ST,14,2005/09/17
ST,14,2005/09/24
HV,14,2005/09/28
HV,14,2005/11/01
ST,14,2005/10/02
ST,14,2005/11/05
ST,14,2005/11/09
ST,14,2005/11/13
HV,14,2005/11/16
ST,14,2005/11/20
HV,14,2005/11/23
ST,14,2005/11/27
HV,14,2005/11/30
HV,14,2005/10/05
ST,14,2005/10/09
ST,14,2005/10/16
HV,14,2005/10/19
ST,14,2005/10/22
HV,14,2005/10/26
ST,14,2005/10/30
ST,14,2006/01/01
ST,14,2005/12/03
HV,14,2006/01/04
ST,14,2006/01/07
HV,14,2006/01/11
ST,14,2006/01/15
HV,14,2006/01/18
ST,14,2006/01/22
ST,14,2006/01/25
ST,14,2006/01/31
HV,14,2005/12/07
ST,14,2005/12/11
ST,14,2005/12/14
ST,14,2005/12/17
HV,14,2005/12/21
ST,14,2005/12/26
HV,14,2006/03/01
ST,14,2006/02/05
ST,14,2006/03/04
ST,14,2006/03/12
HV,14,2006/03/15
ST,14,2006/03/19
HV,14,2006/03/22
ST,14,2006/03/26
ST,14,2006/03/29
HV,14,2006/02/08
ST,14,2006/02/11
HV,14,2006/02/15
ST,14,2006/02/19
HV,14,2006/02/22
ST,14,2006/02/26
ST,14,2006/05/03
ST,14,2006/04/01
ST,14,2006/05/07
HV,14,2006/05/10
ST,14,2006/05/13
HV,14,2006/05/17
ST,14,2006/05/21
HV,14,2006/05/24
ST,14,2006/05/28
ST,14,2006/04/08
HV,14,2006/04/12
ST,14,2006/04/15
HV,14,2006/04/19
ST,14,2006/04/23
HV,14,2006/04/26
ST,14,2006/04/30
ST,14,2006/07/02
ST,14,2006/06/04
HV,14,2006/06/07
ST,14,2006/06/10
ST,14,2006/06/17
ST,14,2006/06/25
HV,14,2006/06/28
ST,14,2006/10/01
ST,14,2006/09/10
HV,14,2006/10/04
ST,14,2006/10/07
ST,14,2006/10/15
HV,14,2006/10/18
ST,14,2006/10/21
HV,14,2006/10/25
ST,14,2006/10/29
HV,14,2006/09/13
ST,14,2006/09/16
HV,14,2006/09/20
ST,14,2006/09/24
HV,14,2006/09/27
ST,14,2006/12/02
HV,14,2006/11/01
HV,14,2006/12/06
ST,14,2006/12/10
HV,14,2006/12/13
ST,14,2006/12/16
HV,14,2006/12/20
ST,14,2006/12/23
ST,14,2006/12/26
ST,14,2006/11/04
HV,14,2006/11/07
ST,14,2006/11/12
ST,14,2006/11/15
ST,14,2006/11/19
HV,14,2006/11/22
ST,14,2006/11/26
HV,14,2006/11/29
ST,14,2007/02/04
ST,14,2007/01/01
HV,14,2007/02/07
ST,14,2007/02/10
HV,14,2007/02/14
ST,14,2007/02/20
ST,14,2007/02/25
HV,14,2007/02/28
HV,14,2007/04/04
ST,14,2007/03/04
ST,14,2007/01/07
HV,14,2007/01/10
ST,14,2007/01/14
HV,14,2007/01/17
ST,14,2007/01/20
HV,14,2007/01/24
ST,14,2007/01/28
ST,14,2007/01/31
ST,14,2007/05/01
ST,14,2007/04/09
ST,14,2007/04/14
HV,14,2007/04/18
ST,14,2007/04/22
HV,14,2007/04/25
ST,14,2007/04/29
HV,14,2007/03/07
ST,14,2007/03/10
HV,14,2007/03/14
ST,14,2007/03/18
HV,14,2007/03/21
ST,14,2007/03/25
ST,14,2007/03/31
HV,14,2007/05/06
HV,14,2007/05/09
ST,14,2007/05/12
HV,14,2007/05/16
ST,14,2007/05/20
ST,14,2007/05/24
ST,14,2007/05/27
HV,14,2007/05/30
ST,14,2007/06/03
ST,14,2007/07/02
HV,14,2007/06/06
ST,14,2007/06/09
HV,14,2007/06/13
ST,14,2007/06/17
ST,14,2007/06/24
HV,14,2007/06/27
ST,14,2007/09/09
ST,14,2007/10/01
HV,14,2007/09/12
ST,14,2007/09/15
HV,14,2007/09/19
ST,14,2007/09/23
ST,14,2007/09/26
ST,14,2007/10/07
ST,14,2007/10/14
HV,14,2007/10/17
ST,14,2007/10/21
HV,14,2007/10/24
HV,14,2007/10/28
HV,14,2007/10/31
ST,14,2007/11/03
ST,14,2007/12/01
HV,14,2007/11/06
ST,14,2007/11/11
ST,14,2007/11/14
ST,14,2007/11/17
HV,14,2007/11/21
ST,14,2007/11/25
HV,14,2007/11/28
HV,14,2007/12/05
ST,14,2007/12/09
HV,14,2007/12/12
ST,14,2007/12/15
HV,14,2007/12/19
ST,14,2007/12/23
ST,14,2007/12/26
ST,14,2008/01/01
ST,14,2008/02/02
ST,14,2008/01/06
HV,14,2008/01/09
ST,14,2008/01/12
HV,14,2008/01/16
ST,14,2008/01/20
HV,14,2008/01/23
ST,14,2008/01/27
HV,14,2008/01/30
ST,14,2008/02/09
HV,14,2008/02/13
ST,14,2008/02/17
HV,14,2008/02/20
ST,14,2008/02/24
HV,14,2008/02/27
ST,14,2008/03/01
HV,14,2008/04/02
HV,14,2008/03/05
ST,14,2008/03/09
ST,14,2008/03/12
ST,14,2008/03/16
HV,14,2008/03/19
ST,14,2008/03/24
ST,14,2008/03/30
ST,14,2008/04/06
HV,14,2008/04/09
ST,14,2008/04/12
HV,14,2008/04/20
HV,14,2008/04/23
ST,14,2008/04/27
ST,14,2008/05/01
ST,14,2008/06/01
ST,14,2008/05/04
HV,14,2008/05/07
ST,14,2008/05/12
HV,14,2008/05/14
ST,14,2008/05/18
HV,14,2008/05/21
ST,14,2008/05/25
HV,14,2008/05/28
HV,14,2008/06/05
ST,14,2008/06/08
HV,14,2008/06/11
ST,14,2008/06/15
HV,14,2008/06/18
ST,14,2008/06/22
HV,14,2008/06/25
ST,14,2008/06/28
ST,14,2008/07/01
ST,14,2008/09/15
HV,14,2008/07/03
HV,14,2008/09/17
ST,14,2008/09/21
HV,14,2008/09/24
ST,14,2008/09/28
ST,14,2008/10/01
ST,14,2008/11/02
ST,14,2008/10/05
HV,14,2008/10/08
ST,14,2008/10/12
HV,14,2008/10/15
HV,14,2008/10/19
ST,14,2008/10/26
ST,14,2008/10/29
HV,14,2008/11/04
ST,14,2008/11/08
ST,14,2008/11/16
HV,14,2008/11/19
ST,14,2008/11/23
HV,14,2008/11/26
ST,14,2008/11/30
HV,14,2008/12/03
ST,14,2009/01/01
ST,14,2008/12/06
HV,14,2008/12/10
ST,14,2008/12/14
HV,14,2008/12/17
ST,14,2008/12/20
ST,14,2008/12/28
ST,14,2009/01/04
HV,14,2009/01/07
ST,14,2009/01/10
HV,14,2009/01/14
ST,14,2009/01/18
HV,14,2009/01/21
ST,14,2009/01/24
ST,14,2009/01/28
ST,14,2009/02/01
ST,14,2009/03/01
HV,14,2009/02/04
ST,14,2009/02/08
HV,14,2009/02/11
ST,14,2009/02/15
HV,14,2009/02/18
ST,14,2009/02/22
HV,14,2009/02/25
ST,14,2009/03/04
ST,14,2009/03/07
HV,14,2009/03/11
ST,14,2009/03/15
HV,14,2009/03/18
ST,14,2009/03/22
ST,14,2009/03/28
HV,14,2009/04/01
ST,14,2009/04/05
HV,14,2009/04/08
ST,14,2009/04/13
HV,14,2009/04/19
HV,14,2009/04/22
ST,14,2009/04/26
HV,14,2009/06/03
ST,14,2009/05/01
ST,14,2009/06/07
HV,14,2009/06/10
ST,14,2009/06/13
ST,14,2009/06/21
HV,14,2009/06/24
ST,14,2009/06/28
ST,14,2009/05/03
HV,14,2009/05/06
ST,14,2009/05/09
HV,14,2009/05/13
ST,14,2009/05/17
HV,14,2009/05/21
ST,14,2009/05/24
HV,14,2009/05/27
ST,14,2009/05/31
ST,14,2009/07/01
ST,14,2009/10/01
ST,14,2009/09/13
ST,14,2009/10/04
HV,14,2009/10/07
ST,14,2009/10/11
HV,14,2009/10/14
ST,14,2009/10/17
HV,14,2009/10/21
ST,14,2009/10/25
HV,14,2009/09/16
ST,14,2009/09/20
HV,14,2009/09/23
ST,14,2009/09/26
HV,14,2009/12/02
HV,14,2009/11/01
ST,14,2009/12/06
HV,14,2009/12/09
ST,14,2009/12/13
HV,14,2009/12/16
ST,14,2009/12/19
HV,14,2009/12/23
ST,14,2009/12/27
ST,14,2009/11/04
ST,14,2009/11/07
HV,14,2009/11/11
ST,14,2009/11/15
HV,14,2009/11/18
ST,14,2009/11/22
HV,14,2009/11/25
ST,14,2009/11/29
HV,14,2010/02/03
ST,14,2010/01/01
ST,14,2010/02/07
HV,14,2010/02/10
ST,14,2010/02/16
ST,14,2010/02/21
HV,14,2010/02/24
ST,14,2010/02/28
HV,14,2010/01/06
ST,14,2010/01/10
HV,14,2010/01/13
ST,14,2010/01/16
HV,14,2010/01/20
ST,14,2010/01/24
HV,14,2010/01/27
ST,14,2010/01/31
ST,14,2010/04/04
HV,14,2010/03/03
HV,14,2010/04/07
ST,14,2010/04/10
HV,14,2010/04/18
HV,14,2010/04/21
ST,14,2010/04/25
HV,14,2010/04/28
ST,14,2010/03/06
HV,14,2010/03/10
ST,14,2010/03/14
HV,14,2010/03/17
ST,14,2010/03/21
ST,14,2010/03/24
ST,14,2010/03/28
HV,14,2010/03/31
HV,14,2010/06/02
ST,14,2010/05/01
ST,14,2010/06/06
HV,14,2010/06/09
ST,14,2010/06/12
ST,14,2010/06/16
HV,14,2010/06/20
ST,14,2010/06/27
ST,14,2010/05/05
ST,14,2010/05/08
HV,14,2010/05/12
ST,14,2010/05/16
HV,14,2010/05/19
ST,14,2010/05/23
HV,14,2010/05/26
ST,14,2010/05/30
ST,14,2010/09/05
ST,14,2010/07/01
HV,14,2010/09/08
ST,14,2010/09/12
HV,14,2010/09/15
ST,14,2010/09/18
HV,14,2010/09/23
ST,14,2010/09/26
ST,14,2010/07/04
HV,14,2010/07/07
ST,14,2010/07/11
HV,14,2010/07/14
ST,14,2010/11/03
ST,14,2010/10/01
ST,14,2010/11/06
HV,14,2010/11/10
ST,14,2010/11/14
HV,14,2010/11/17
ST,14,2010/11/21
HV,14,2010/11/24
ST,14,2010/11/28
HV,14,2010/10/06
ST,14,2010/10/10
HV,14,2010/10/13
ST,14,2010/10/17
HV,14,2010/10/20
ST,14,2010/10/24
HV,14,2010/10/31
ST,14,2011/01/01
HV,14,2010/12/01
HV,14,2011/01/05
ST,14,2011/01/09
HV,14,2011/01/12
ST,14,2011/01/16
HV,14,2011/01/19
ST,14,2011/01/23
HV,14,2011/01/26
ST,14,2011/01/30
ST,14,2010/12/04
HV,14,2010/12/08
ST,14,2010/12/12
HV,14,2010/12/15
ST,14,2010/12/19
HV,14,2010/12/23
ST,14,2010/12/27
HV,14,2011/03/02
ST,14,2011/02/05
ST,14,2011/03/06
HV,14,2011/03/09
ST,14,2011/03/12
HV,14,2011/03/16
ST,14,2011/03/20
ST,14,2011/03/23
ST,14,2011/03/27
HV,14,2011/03/30
HV,14,2011/02/09
ST,14,2011/02/12
HV,14,2011/02/16
ST,14,2011/02/20
HV,14,2011/02/23
ST,14,2011/02/27
ST,14,2011/05/01
ST,14,2011/04/03
HV,14,2011/05/04
ST,14,2011/05/07
ST,14,2011/05/10
ST,14,2011/05/15
HV,14,2011/05/18
ST,14,2011/05/21
HV,14,2011/05/25
ST,14,2011/05/29
HV,14,2011/04/06
ST,14,2011/04/09
ST,14,2011/04/13
HV,14,2011/04/17
HV,14,2011/04/20
ST,14,2011/04/25
ST,14,2011/07/01
HV,14,2011/06/01
HV,14,2011/07/06
ST,14,2011/07/10
ST,14,2011/06/05
HV,14,2011/06/08
ST,14,2011/06/11
HV,14,2011/06/15
ST,14,2011/06/19
HV,14,2011/06/22
ST,14,2011/06/26
ST,14,2011/10/01
ST,14,2011/09/11
HV,14,2011/10/06
ST,14,2011/10/09
HV,14,2011/10/12
ST,14,2011/10/16
ST,14,2011/10/19
HV,14,2011/10/23
HV,14,2011/10/26
ST,14,2011/10/30
HV,14,2011/09/14
ST,14,2011/09/18
HV,14,2011/09/21
ST,14,2011/09/25
HV,14,2011/09/28
ST,14,2011/12/04
ST,14,2011/11/05
HV,14,2011/12/07
ST,14,2011/12/11
HV,14,2011/12/14
ST,14,2011/12/17
HV,14,2011/12/21
ST,14,2011/12/27
HV,14,2011/11/09
ST,14,2011/11/13
HV,14,2011/11/16
ST,14,2011/11/20
HV,14,2011/11/23
ST,14,2011/11/27
HV,14,2011/11/30
HV,14,2012/02/01
ST,14,2012/01/01
ST,14,2012/02/05
HV,14,2012/02/08
ST,14,2012/02/11
HV,14,2012/02/15
ST,14,2012/02/19
HV,14,2012/02/22
ST,14,2012/02/26
HV,14,2012/02/29
HV,14,2012/01/04
ST,14,2012/01/08
HV,14,2012/01/11
ST,14,2012/01/15
HV,14,2012/01/18
ST,14,2012/01/21
ST,14,2012/01/25
ST,14,2012/01/29
ST,14,2012/04/01
ST,14,2012/03/04
ST,14,2012/04/09
HV,14,2012/04/15
HV,14,2012/04/18
ST,14,2012/04/21
HV,14,2012/04/25
ST,14,2012/04/29
HV,14,2012/03/07
ST,14,2012/03/10
HV,14,2012/03/14
ST,14,2012/03/18
ST,14,2012/03/21
ST,14,2012/03/25
HV,14,2012/03/28
ST,14,2012/06/03
HV,14,2012/05/02
HV,14,2012/06/06
ST,14,2012/06/09
HV,14,2012/06/13
ST,14,2012/06/17
HV,14,2012/06/20
ST,14,2012/06/24
ST,14,2012/05/06
HV,14,2012/05/09
ST,14,2012/05/12
ST,14,2012/05/16
ST,14,2012/05/19
ST,14,2012/05/27
HV,14,2012/05/30
ST,14,2012/09/08
ST,14,2012/07/01
HV,14,2012/09/12
ST,14,2012/09/16
HV,14,2012/09/19
ST,14,2012/09/23
HV,14,2012/09/26
HV,14,2012/07/04
ST,14,2012/07/08
HV,14,2012/07/11
ST,14,2012/07/15
ST,14,2012/11/04
ST,14,2012/10/01
HV,14,2012/11/07
ST,14,2012/11/10
ST,14,2012/11/14
ST,14,2012/11/18
HV,14,2012/11/21
ST,14,2012/11/25
HV,14,2012/11/28
ST,14,2012/10/06
HV,14,2012/10/10
ST,14,2012/10/14
ST,14,2012/10/17
HV,14,2012/10/21
HV,14,2012/10/24
ST,14,2012/10/28
ST,14,2013/01/01
ST,14,2012/12/02
ST,14,2013/01/06
HV,14,2013/01/09
ST,14,2013/01/12
HV,14,2013/01/16
ST,14,2013/01/20
HV,14,2013/01/23
ST,14,2013/01/27
HV,14,2013/01/30
HV,14,2012/12/05
ST,14,2012/12/09
HV,14,2012/12/12
ST,14,2012/12/16
HV,14,2012/12/19
ST,14,2012/12/22
HV,14,2012/12/28
ST,14,2013/03/02
ST,14,2013/02/02
HV,14,2013/03/06
ST,14,2013/03/10
HV,14,2013/03/13
ST,14,2013/03/17
ST,14,2013/03/20
ST,14,2013/03/24
HV,14,2013/03/27
HV,14,2013/02/06
ST,14,2013/02/12
ST,14,2013/02/17
HV,14,2013/02/20
ST,14,2013/02/24
HV,14,2013/02/27
ST,14,2013/05/01
ST,14,2013/04/01
ST,14,2013/05/05
HV,14,2013/05/08
ST,14,2013/05/11
HV,14,2013/05/15
ST,14,2013/05/18
HV,14,2013/05/22
ST,14,2013/05/26
HV,14,2013/05/29
ST,14,2013/04/07
HV,14,2013/04/10
HV,14,2013/04/14
HV,14,2013/04/17
ST,14,2013/04/20
HV,14,2013/04/24
ST,14,2013/04/28
ST,14,2013/07/01
ST,14,2013/06/02
HV,14,2013/07/04
ST,14,2013/07/07
HV,14,2013/07/10
HV,14,2013/06/05
ST,14,2013/06/08
ST,14,2013/06/12
ST,14,2013/06/16
HV,14,2013/06/19
ST,14,2013/06/23
HV,14,2013/06/26
ST,14,2013/10/01
ST,14,2013/09/08
ST,14,2013/10/06
HV,14,2013/10/09
ST,14,2013/10/12
ST,14,2013/10/16
HV,14,2013/10/20
HV,14,2013/10/23
ST,14,2013/10/27
ST,14,2013/10/30
HV,14,2013/09/11
ST,14,2013/09/15
HV,14,2013/09/17
ST,14,2013/09/22
HV,14,2013/09/25
ST,14,2013/12/01
ST,14,2013/11/03
HV,14,2013/12/04
ST,14,2013/12/08
HV,14,2013/12/11
ST,14,2013/12/15
HV,14,2013/12/18
ST,14,2013/12/21
HV,14,2013/12/26
ST,14,2013/12/29
HV,14,2013/11/06
ST,14,2013/11/09
HV,14,2013/11/13
ST,14,2013/11/17
HV,14,2013/11/20
ST,14,2013/11/24
HV,14,2013/11/27
ST,14,2014/02/02
ST,14,2014/01/01
HV,14,2014/02/05
ST,14,2014/02/08
HV,14,2014/02/12
ST,14,2014/02/16
HV,14,2014/02/19
ST,14,2014/02/23
HV,14,2014/02/26
ST,14,2014/01/05
HV,14,2014/01/08
ST,14,2014/01/11
HV,14,2014/01/15
ST,14,2014/01/19
HV,14,2014/01/22
ST,14,2014/01/26
HV,14,2014/04/02
ST,14,2014/03/01
ST,14,2014/04/06
HV,14,2014/04/09
ST,14,2014/04/13
HV,14,2014/04/16
ST,14,2014/04/21
ST,14,2014/04/27
HV,14,2014/04/30
HV,14,2014/03/05
ST,14,2014/03/09
HV,14,2014/03/12
ST,14,2014/03/16
HV,14,2014/03/19
ST,14,2014/03/23
ST,14,2014/03/26
ST,14,2014/03/30
ST,14,2014/06/01
ST,14,2014/05/04
HV,14,2014/06/05
ST,14,2014/06/08
ST,14,2014/06/11
ST,14,2014/06/15
ST,14,2014/06/18
ST,14,2014/06/22
ST,14,2014/06/25
ST,14,2014/06/28
HV,14,2014/05/07
ST,14,2014/05/10
HV,14,2014/05/14
ST,14,2014/05/17
HV,14,2014/05/21
ST,14,2014/05/25
HV,14,2014/05/28
ST,14,2014/09/14
ST,14,2014/07/01
ST,14,2014/09/17
ST,14,2014/09/21
ST,14,2014/09/24
ST,14,2014/09/27
ST,14,2014/07/06
ST,14,2014/11/02
ST,14,2014/10/01
ST,14,2014/11/09
HV,14,2014/11/12
ST,14,2014/11/15
HV,14,2014/11/19
ST,14,2014/11/23
HV,14,2014/11/26
ST,14,2014/11/30
ST,14,2014/10/05
ST,14,2014/10/08
ST,14,2014/10/12
ST,14,2014/10/15
HV,14,2014/10/19
HV,14,2014/10/22
ST,14,2014/10/26
HV,14,2014/10/29
ST,14,2015/01/01
HV,14,2014/12/03
ST,14,2015/01/04
HV,14,2015/01/07
ST,14,2015/01/10
HV,14,2015/01/14
ST,14,2015/01/18
HV,14,2015/01/21
ST,14,2015/01/25
HV,14,2015/01/28
ST,14,2014/12/07
HV,14,2014/12/10
ST,14,2014/12/14
HV,14,2014/12/17
ST,14,2014/12/20
ST,14,2014/12/28
ST,14,2015/03/01
ST,14,2015/02/01
HV,14,2015/03/04
ST,14,2015/03/08
HV,14,2015/03/11
ST,14,2015/03/15
HV,14,2015/03/18
ST,14,2015/03/21
ST,14,2015/03/25
ST,14,2015/03/29
HV,14,2015/02/04
ST,14,2015/02/07
HV,14,2015/02/11
ST,14,2015/02/15
ST,14,2015/02/21
HV,14,2015/02/25
ST,14,2015/05/03
HV,14,2015/04/01
HV,14,2015/05/06
ST,14,2015/05/09
HV,14,2015/05/13
ST,14,2015/05/16
HV,14,2015/05/20
ST,14,2015/05/24
ST,14,2015/05/27
ST,14,2015/05/31
ST,14,2015/04/07
ST,14,2015/04/12
HV,14,2015/04/15
ST,14,2015/04/19
HV,14,2015/04/22
ST,14,2015/04/26
HV,14,2015/04/29
ST,14,2015/07/01
HV,14,2015/06/03
ST,14,2015/07/05
HV,14,2015/07/08
ST,14,2015/07/12
ST,14,2015/06/07
HV,14,2015/06/10
ST,14,2015/06/14
HV,14,2015/06/17
ST,14,2015/06/21
HV,14,2015/06/24
ST,14,2015/06/27
ST,14,2015/10/01
ST,14,2015/09/06
ST,14,2015/10/04
HV,14,2015/10/07
ST,14,2015/10/10
HV,14,2015/10/14
ST,14,2015/10/18
HV,14,2015/10/22
ST,14,2015/10/25
HV,14,2015/09/09
ST,14,2015/09/13
HV,14,2015/09/16
ST,14,2015/09/19
HV,14,2015/09/23
ST,14,2015/09/28
HV,14,2015/12/02
HV,14,2015/11/01
ST,14,2015/12/06
HV,14,2015/12/09
ST,14,2015/12/13
HV,14,2015/12/16
ST,14,2015/12/19
HV,14,2015/12/23
ST,14,2015/12/27
ST,14,2015/11/08
HV,14,2015/11/11
ST,14,2015/11/14
ST,14,2015/11/18
ST,14,2015/11/21
HV,14,2015/11/25
ST,14,2015/11/29
HV,14,2016/02/03
ST,14,2016/01/01
ST,14,2016/02/06
ST,14,2016/02/10
ST,14,2016/02/14
HV,14,2016/02/17
ST,14,2016/02/21
HV,14,2016/02/24
ST,14,2016/02/28
HV,14,2016/01/06
ST,14,2016/01/09
HV,14,2016/01/13
ST,14,2016/01/17
HV,14,2016/01/20
ST,14,2016/01/24
ST,14,2016/01/31
ST,14,2016/04/03
HV,14,2016/03/02
ST,14,2016/04/06
ST,14,2016/04/10
HV,14,2016/04/13
ST,14,2016/04/16
HV,14,2016/04/20
ST,14,2016/04/24
HV,14,2016/04/27
ST,14,2016/03/06
HV,14,2016/03/09
ST,14,2016/03/13
HV,14,2016/03/16
ST,14,2016/03/20
HV,14,2016/03/23
ST,14,2016/03/28
HV,14,2016/03/31
HV,14,2016/06/01
ST,14,2016/05/01
ST,14,2016/06/05
HV,14,2016/06/09
ST,14,2016/06/12
HV,14,2016/06/15
ST,14,2016/06/19
HV,14,2016/06/22
ST,14,2016/06/26
HV,14,2016/05/04
ST,14,2016/05/07
HV,14,2016/05/11
ST,14,2016/05/14
HV,14,2016/05/18
ST,14,2016/05/22
ST,14,2016/05/29
ST,14,2016/09/03
ST,14,2016/07/01
HV,14,2016/09/07
ST,14,2016/09/11
ST,14,2016/09/18
HV,14,2016/09/21
ST,14,2016/09/25
HV,14,2016/09/28
HV,14,2016/07/06
ST,14,2016/07/10
ST,14,2016/11/02
ST,14,2016/10/01
ST,14,2016/11/06
HV,14,2016/11/09
ST,14,2016/11/12
HV,14,2016/11/16
ST,14,2016/11/20
HV,14,2016/11/23
ST,14,2016/11/27
HV,14,2016/11/30
HV,14,2016/10/05
ST,14,2016/10/08
HV,14,2016/10/12
ST,14,2016/10/16
HV,14,2016/10/19
ST,14,2016/10/23
HV,14,2016/10/26
HV,14,2016/10/30
ST,14,2017/01/01
ST,14,2016/12/04
HV,14,2017/01/04
ST,14,2017/01/08
HV,14,2017/01/11
ST,14,2017/01/14
ST,14,2017/01/18
ST,14,2017/01/22
HV,14,2017/01/25
ST,14,2017/01/30
HV,14,2016/12/07
ST,14,2016/12/11
HV,14,2016/12/14
ST,14,2016/12/17
HV,14,2016/12/22
ST,14,2016/12/27
ST,14,2017/03/01
HV,14,2017/02/02
ST,14,2017/03/05
HV,14,2017/03/08
ST,14,2017/03/12
HV,14,2017/03/15
ST,14,2017/03/19
HV,14,2017/03/22
ST,14,2017/03/26
HV,14,2017/03/29
ST,14,2017/02/05
HV,14,2017/02/08
ST,14,2017/02/11
HV,14,2017/02/15
ST,14,2017/02/19
HV,14,2017/02/22
ST,14,2017/02/26
HV,14,2017/05/03
ST,14,2017/04/02
ST,14,2017/05/07
HV,14,2017/05/10
ST,14,2017/05/13
HV,14,2017/05/17
ST,14,2017/05/21
HV,14,2017/05/24
ST,14,2017/05/28
ST,14,2017/05/31
ST,14,2017/04/05
ST,14,2017/04/09
HV,14,2017/04/12
ST,14,2017/04/17
HV,14,2017/04/20
ST,14,2017/04/23
HV,14,2017/04/26
ST,14,2017/04/30
ST,14,2017/07/01
ST,14,2017/06/04
ST,14,2017/07/09
HV,14,2017/07/12
ST,14,2017/07/16
HV,14,2017/06/07
ST,14,2017/06/11
HV,14,2017/06/14
ST,14,2017/06/18
HV,14,2017/06/21
ST,14,2017/06/25
HV,14,2017/06/28
ST,14,2017/10/01
ST,14,2017/09/03
HV,14,2017/10/05
ST,14,2017/10/08
HV,14,2017/10/11
ST,14,2017/10/14
HV,14,2017/10/18
ST,14,2017/10/22
HV,14,2017/10/25
HV,14,2017/10/29
HV,14,2017/09/06
ST,14,2017/09/10
HV,14,2017/09/13
ST,14,2017/09/16
HV,14,2017/09/20
ST,14,2017/09/24
HV,14,2017/09/27
ST,14,2017/12/03
ST,14,2017/11/01
HV,14,2017/12/06
ST,14,2017/12/10
HV,14,2017/12/13
ST,14,2017/12/17
HV,14,2017/12/20
ST,14,2017/12/23
HV,14,2017/12/27
ST,14,2017/11/05
HV,14,2017/11/08
ST,14,2017/11/11
HV,14,2017/11/15
ST,14,2017/11/19
HV,14,2017/11/22
ST,14,2017/11/26
HV,14,2017/11/29
ST,14,2018/02/04
ST,14,2018/01/01
HV,14,2018/02/07
ST,14,2018/02/10
HV,14,2018/02/14
ST,14,2018/02/18
HV,14,2018/02/21
ST,14,2018/02/25
ST,14,2018/02/28
ST,14,2018/01/07
HV,14,2018/01/10
ST,14,2018/01/13
HV,14,2018/01/17
ST,14,2018/01/21
ST,14,2018/01/24
ST,14,2018/01/28
HV,14,2018/01/31
ST,14,2018/04/02
ST,14,2018/03/03
ST,14,2018/04/08
HV,14,2018/04/11
ST,14,2018/04/15
HV,14,2018/04/18
ST,14,2018/04/21
HV,14,2018/04/25
ST,14,2018/04/29
HV,14,2018/03/07
ST,14,2018/03/11
HV,14,2018/03/14
ST,14,2018/03/18
HV,14,2018/03/21
ST,14,2018/03/25
HV,14,2018/03/28
ST,14,2018/06/03
ST,14,2018/05/02
HV,14,2018/06/06
ST,14,2018/06/10
HV,14,2018/06/13
ST,14,2018/06/16
ST,14,2018/06/24
HV,14,2018/06/27
ST,14,2018/05/06
HV,14,2018/05/09
ST,14,2018/05/12
HV,14,2018/05/16
ST,14,2018/05/20
HV,14,2018/05/23
ST,14,2018/05/27
ST,14,2018/05/30
ST,14,2018/09/02
ST,14,2018/07/01
HV,14,2018/09/05
ST,14,2018/09/09
HV,14,2018/09/12
ST,14,2018/09/16
ST,14,2018/09/22
HV,14,2018/09/26
HV,14,2018/07/04
ST,14,2018/07/08
HV,14,2018/07/11
ST,14,2018/07/15
ST,14,2018/11/04
ST,14,2018/10/01
HV,14,2018/11/07
ST,14,2018/11/10
HV,14,2018/11/14
ST,14,2018/11/18
HV,14,2018/11/21
ST,14,2018/11/25
HV,14,2018/11/28
HV,14,2018/10/03
ST,14,2018/10/07
HV,14,2018/10/10
ST,14,2018/10/13
HV,14,2018/10/18
ST,14,2018/10/21
HV,14,2018/10/24
HV,14,2018/10/28
ST,14,2018/10/31
ST,14,2019/01/01
ST,14,2018/12/02
ST,14,2019/01/06
HV,14,2019/01/09
ST,14,2019/01/12
HV,14,2019/01/16
ST,14,2019/01/20
HV,14,2019/01/23
ST,14,2019/01/27
HV,14,2019/01/30
HV,14,2018/12/05
ST,14,2018/12/09
HV,14,2018/12/12
ST,14,2018/12/16
ST,14,2018/12/19
ST,14,2018/12/23
HV,14,2018/12/26
ST,14,2018/12/29
ST,14,2019/03/02
ST,14,2019/02/02
HV,14,2019/03/06
ST,14,2019/03/10
HV,14,2019/03/13
ST,14,2019/03/17
HV,14,2019/03/20
CH,14,2019/03/23
ST,14,2019/03/24
HV,14,2019/03/27
ST,14,2019/03/31
ST,14,2019/02/07
ST,14,2019/02/10
HV,14,2019/02/13
ST,14,2019/02/17
HV,14,2019/02/20
ST,14,2019/02/24
HV,14,2019/02/27
HV,14,2019/05/01
ST,14,2019/04/03
ST,14,2019/05/05
ST,14,2019/05/08
ST,14,2019/05/11
HV,14,2019/05/15
ST,14,2019/05/18
HV,14,2019/05/22
ST,14,2019/05/26
HV,14,2019/05/29
ST,14,2019/04/07
HV,14,2019/04/10
ST,14,2019/04/14
HV,14,2019/04/17
ST,14,2019/04/22
HV,14,2019/04/24
ST,14,2019/04/28
ST,14,2019/07/01
ST,14,2019/06/02
HV,14,2019/07/03
ST,14,2019/07/07
HV,14,2019/07/10
ST,14,2019/07/14
HV,14,2019/06/05
ST,14,2019/06/08
ST,14,2019/06/12
ST,14,2019/06/16
ST,14,2019/06/23
HV,14,2019/06/26
ST,14,2019/10/01
ST,14,2019/09/01
ST,14,2019/10/06
HV,14,2019/10/09
ST,14,2019/10/12
HV,14,2019/10/16
ST,14,2019/10/20
HV,14,2019/10/23
ST,14,2019/10/27
HV,14,2019/10/30
ST,14,2019/09/08
HV,14,2019/09/11
ST,14,2019/09/15
HV,14,2019/09/18
ST,14,2019/09/21
HV,14,2019/09/25
ST,14,2019/12/01
ST,14,2019/11/03
HV,14,2019/12/04
ST,14,2019/12/08
HV,14,2019/12/11
ST,14,2019/12/15
HV,14,2019/12/18
ST,14,2019/12/21
HV,14,2019/12/26
ST,14,2019/12/29
HV,14,2019/11/06
ST,14,2019/11/09
HV,14,2019/11/13
ST,14,2019/11/17
HV,14,2019/11/20
ST,14,2019/11/23
HV,14,2019/11/27
ST,14,2020/02/02
ST,14,2020/01/01
HV,14,2020/02/05
ST,14,2020/02/08
HV,14,2020/02/12
ST,14,2020/02/16
ST,14,2020/02/19
ST,14,2020/02/23
HV,14,2020/02/26
ST,14,2020/01/05
HV,14,2020/01/08
ST,14,2020/01/11
HV,14,2020/01/15
ST,14,2020/01/19
HV,14,2020/01/22
ST,14,2020/01/27
HV,14,2020/01/29
ST,14,2020/04/01
ST,14,2020/03/01
ST,14,2020/04/05
HV,14,2020/04/08
ST,14,2020/04/12
HV,14,2020/04/15
ST,14,2020/04/19
HV,14,2020/04/22
ST,14,2020/04/26
HV,14,2020/04/29
HV,14,2020/03/04
ST,14,2020/03/08
HV,14,2020/03/11
ST,14,2020/03/14
HV,14,2020/03/18
ST,14,2020/03/22
HV,14,2020/03/25
ST,14,2020/03/29
ST,14,2020/05/03
HV,14,2020/05/06
ST,14,2020/05/09
HV,14,2020/05/13
ST,14,2020/05/17
HV,14,2020/05/20
ST,14,2020/05/24
ST,14,2020/05/27
ST,14,2020/05/31
ST,14,2020/07/01
HV,14,2020/06/03
ST,14,2020/07/05
HV,14,2020/07/08
ST,14,2020/07/12
HV,14,2020/07/15
ST,14,2020/06/07
HV,14,2020/06/10
ST,14,2020/06/14
ST,14,2020/06/21
HV,14,2020/06/24
ST,14,2020/06/27
